number,draws,occurrences,draws_hit,full_rate,baseline,z_score,p_value_normal,bh_q_value,rate_30,rate_90,rate_365,rate_1095,current_gap_draws
00,7566,2048,1812,0.23949246629659002,0.23765728565289646,0.37502592854632677,0.7076411834242456,0.9781523483785858,0.2,0.24444444444444444,0.2054794520547945,0.22009132420091324,5
01,7566,2061,1828,0.2416071900607983,0.23765728565289646,0.8071775240944464,0.4195642128976541,0.9727232688685428,0.1,0.13333333333333333,0.22465753424657534,0.22557077625570776,15
02,7566,2058,1820,0.24054982817869416,0.23765728565289646,0.5911017263203866,0.5544522632550694,0.9727232688685428,0.2,0.2222222222222222,0.22465753424657534,0.2328767123287671,2
03,7566,2025,1799,0.23777425323817075,0.23765728565289646,0.02390275716347384,0.9809301750139554,0.9975212020129043,0.23333333333333334,0.2222222222222222,0.2273972602739726,0.2410958904109589,3
04,7566,2031,1818,0.24028548770816813,0.23765728565289646,0.5370827768768717,0.5912104371132372,0.9781523483785858,0.23333333333333334,0.25555555555555554,0.21643835616438356,0.21278538812785389,0
05,7566,2021,1793,0.23698123182659264,0.23765728565289646,-0.13815409116707106,0.8901186370245131,0.9781523483785858,0.13333333333333333,0.2111111111111111,0.2328767123287671,0.22557077625570776,14
06,7566,1994,1771,0.23407348665080624,0.23765728565289646,-0.7323625350457357,0.46394731958698376,0.9727232688685428,0.26666666666666666,0.26666666666666666,0.2273972602739726,0.23926940639269406,3
07,7566,2017,1775,0.2346021675918583,0.23765728565289646,-0.6243246361587057,0.5324144077311573,0.9727232688685428,0.23333333333333334,0.17777777777777778,0.22465753424657534,0.228310502283105,2
08,7566,2034,1793,0.23698123182659264,0.23765728565289646,-0.13815409116707106,0.8901186370245131,0.9781523483785858,0.23333333333333334,0.2222222222222222,0.23013698630136986,0.22557077625570776,6
09,7566,2056,1815,0.23988897700237907,0.23765728565289646,0.4560543527115992,0.6483508938409384,0.9781523483785858,0.13333333333333333,0.2222222222222222,0.2602739726027397,0.2502283105022831,4
10,7566,2110,1837,0.24279672217816547,0.23765728565289646,1.0502627965902638,0.29359730493611846,0.9470880804390918,0.2,0.23333333333333334,0.2356164383561644,0.2502283105022831,16
11,7566,2053,1810,0.23922812582606398,0.23765728565289646,0.3210069791028118,0.7482051020194634,0.9781523483785858,0.3333333333333333,0.28888888888888886,0.23013698630136986,0.2401826484018265,0
12,7566,2064,1837,0.24279672217816547,0.23765728565289646,1.0502627965902638,0.29359730493611846,0.9470880804390918,0.26666666666666666,0.23333333333333334,0.25205479452054796,0.2374429223744292,0
13,7566,2020,1795,0.23724557229711868,0.23765728565289646,-0.08413514172355609,0.932948984630411,0.9872529816119203,0.26666666666666666,0.26666666666666666,0.27671232876712326,0.26210045662100456,6
14,7566,2063,1799,0.23777425323817075,0.23765728565289646,0.02390275716347384,0.9809301750139554,0.9975212020129043,0.2,0.18888888888888888,0.27123287671232876,0.2502283105022831,6
15,7566,2025,1783,0.23565952947396246,0.23765728565289646,-0.4082488383846459,0.683090996086906,0.9781523483785858,0.16666666666666666,0.2,0.20821917808219179,0.2219178082191781,4
16,7566,2063,1800,0.23790642347343377,0.23765728565289646,0.05091223188523132,0.9593954585165899,0.9975212020129043,0.23333333333333334,0.15555555555555556,0.2356164383561644,0.24840182648401826,0
17,7566,2031,1767,0.23354480570975417,0.23765728565289646,-0.8404004339327655,0.4006839059332642,0.9727232688685428,0.2,0.28888888888888886,0.25753424657534246,0.2374429223744292,1
18,7566,2020,1801,0.2380385937086968,0.23765728565289646,0.0779217066069888,0.9378903325313244,0.9872529816119203,0.2,0.25555555555555554,0.21643835616438356,0.2319634703196347,0
19,7566,2085,1820,0.24054982817869416,0.23765728565289646,0.5911017263203866,0.5544522632550694,0.9727232688685428,0.23333333333333334,0.3,0.2191780821917808,0.2465753424657534,2
20,7566,2056,1806,0.2386994448850119,0.23765728565289646,0.21296908021578187,0.8313510798440573,0.9781523483785858,0.26666666666666666,0.25555555555555554,0.21095890410958903,0.23378995433789954,0
21,7566,2051,1790,0.2365847211208036,0.23765728565289646,-0.21918251533234348,0.8265078750916957,0.9781523483785858,0.3,0.2222222222222222,0.2465753424657534,0.245662100456621,3
22,7566,2101,1857,0.24544012688342584,0.23765728565289646,1.5904522910254135,0.1117328914896793,0.9311074290806608,0.26666666666666666,0.24444444444444444,0.2328767123287671,0.24840182648401826,1
23,7566,2015,1795,0.23724557229711868,0.23765728565289646,-0.08413514172355609,0.932948984630411,0.9872529816119203,0.1,0.16666666666666666,0.21095890410958903,0.22922374429223744,9
24,7566,2101,1841,0.24332540311921755,0.23765728565289646,1.1583006954772936,0.24674134767357048,0.9470880804390918,0.26666666666666666,0.2777777777777778,0.2410958904109589,0.24383561643835616,0
25,7566,2003,1781,0.23539518900343642,0.23765728565289646,-0.4622677878281608,0.6438892965650123,0.9781523483785858,0.03333333333333333,0.12222222222222222,0.2136986301369863,0.24292237442922374,23
26,7566,2029,1780,0.2352630187681734,0.23765728565289646,-0.4892772625499183,0.624645416260565,0.9781523483785858,0.2,0.24444444444444444,0.20821917808219179,0.228310502283105,10
27,7566,2032,1773,0.23433782712133228,0.23765728565289646,-0.6783435856022206,0.4975538694244123,0.9727232688685428,0.23333333333333334,0.25555555555555554,0.27123287671232876,0.23470319634703196,0
28,7566,1917,1709,0.22587893206449908,0.23765728565289646,-2.4069499677947053,0.016086373505398304,0.5362124501799435,0.3,0.17777777777777778,0.2328767123287671,0.2273972602739726,1
29,7566,2068,1836,0.24266455194290246,0.23765728565289646,1.0232533218685063,0.30618808752626503,0.9568377735195782,0.26666666666666666,0.2222222222222222,0.20273972602739726,0.22557077625570776,6
30,7566,2039,1793,0.23698123182659264,0.23765728565289646,-0.13815409116707106,0.8901186370245131,0.9781523483785858,0.16666666666666666,0.16666666666666666,0.21643835616438356,0.22557077625570776,2
31,7566,2064,1809,0.23909595559080096,0.23765728565289646,0.2939975043810543,0.7687598103649118,0.9781523483785858,0.23333333333333334,0.2222222222222222,0.25205479452054796,0.2319634703196347,6
32,7566,2098,1825,0.24121067935500926,0.23765728565289646,0.726149099929174,0.46774737166899244,0.9727232688685428,0.23333333333333334,0.28888888888888886,0.24383561643835616,0.2648401826484018,1
33,7566,2025,1788,0.23632038065027755,0.23765728565289646,-0.27320146477585844,0.7846983540695645,0.9781523483785858,0.26666666666666666,0.2777777777777778,0.24383561643835616,0.23013698630136986,0
34,7566,1971,1753,0.2316944224160719,0.23765728565289646,-1.2185330800373704,0.22302146187817684,0.9470880804390918,0.36666666666666664,0.34444444444444444,0.25205479452054796,0.2146118721461187,0
35,7566,1984,1773,0.23433782712133228,0.23765728565289646,-0.6783435856022206,0.4975538694244123,0.9727232688685428,0.23333333333333334,0.2777777777777778,0.2465753424657534,0.23926940639269406,3
36,7566,2109,1868,0.24689399947131907,0.23765728565289646,1.8875565129647514,0.059085512809554215,0.7385689101194277,0.2,0.2222222222222222,0.2465753424657534,0.24748858447488584,5
37,7566,1990,1774,0.2344699973565953,0.23765728565289646,-0.6513341108804632,0.5148308335288889,0.9727232688685428,0.26666666666666666,0.25555555555555554,0.20821917808219179,0.21552511415525114,9
38,7566,2138,1895,0.25046259582342056,0.23765728565289646,2.6168123304522033,0.00887551240913247,0.4437756204566235,0.2,0.23333333333333334,0.2493150684931507,0.217351598173516,4
39,7566,2033,1787,0.23618821041501453,0.23765728565289646,-0.30021093949761596,0.7640162612058096,0.9781523483785858,0.36666666666666664,0.2222222222222222,0.20821917808219179,0.2374429223744292,5
40,7566,2041,1792,0.23684906159132962,0.23765728565289646,-0.16516356588882852,0.8688152415822301,0.9781523483785858,0.26666666666666666,0.25555555555555554,0.2273972602739726,0.22557077625570776,3
41,7566,2065,1820,0.24054982817869416,0.23765728565289646,0.5911017263203866,0.5544522632550694,0.9727232688685428,0.26666666666666666,0.2,0.2356164383561644,0.23378995433789954,0
42,7566,1995,1785,0.2359238699444885,0.23765728565289646,-0.3542298889411309,0.7231666057827685,0.9781523483785858,0.16666666666666666,0.2222222222222222,0.25205479452054796,0.23926940639269406,4
43,7566,2097,1842,0.24345757335448057,0.23765728565289646,1.1853101701990512,0.23589483384826082,0.9470880804390918,0.26666666666666666,0.2111111111111111,0.21095890410958903,0.2365296803652968,2
44,7566,2103,1833,0.2422680412371134,0.23765728565289646,0.9422248977032339,0.3460775093998455,0.9727232688685428,0.36666666666666664,0.2222222222222222,0.2410958904109589,0.2465753424657534,2
45,7566,1992,1747,0.2309014010044938,0.23765728565289646,-1.3805899283679153,0.16740508183280528,0.9470880804390918,0.2,0.16666666666666666,0.23835616438356164,0.24292237442922374,0
46,7566,2008,1787,0.23618821041501453,0.23765728565289646,-0.30021093949761596,0.7640162612058096,0.9781523483785858,0.3333333333333333,0.2777777777777778,0.25753424657534246,0.2319634703196347,2
47,7566,2022,1783,0.23565952947396246,0.23765728565289646,-0.4082488383846459,0.683090996086906,0.9781523483785858,0.2,0.23333333333333334,0.2410958904109589,0.2401826484018265,2
48,7566,2037,1801,0.2380385937086968,0.23765728565289646,0.0779217066069888,0.9378903325313244,0.9872529816119203,0.43333333333333335,0.3,0.2547945205479452,0.23378995433789954,1
49,7566,2078,1839,0.2430610626486915,0.23765728565289646,1.1042817460337788,0.269470938649783,0.9470880804390918,0.2,0.2222222222222222,0.2410958904109589,0.2602739726027397,1
50,7566,1942,1718,0.22706846418186624,0.23765728565289646,-2.163864695298888,0.03047473517091211,0.6094947034182422,0.26666666666666666,0.3333333333333333,0.25205479452054796,0.2401826484018265,2
51,7566,1912,1694,0.2238963785355538,0.23765728565289646,-2.812092088621067,0.004922040939905746,0.4437756204566235,0.2,0.23333333333333334,0.2410958904109589,0.22557077625570776,5
52,7566,2129,1870,0.2471583399418451,0.23765728565289646,1.9415754624082664,0.05218851578201114,0.7385689101194277,0.3,0.28888888888888886,0.28493150684931506,0.26118721461187216,8
53,7566,2023,1775,0.2346021675918583,0.23765728565289646,-0.6243246361587057,0.5324144077311573,0.9727232688685428,0.23333333333333334,0.23333333333333334,0.20273972602739726,0.2410958904109589,3
54,7566,2118,1858,0.24557229711868886,0.23765728565289646,1.6174617657471708,0.10577864242119822,0.9311074290806608,0.1,0.26666666666666666,0.2602739726027397,0.2410958904109589,0
55,7566,1987,1772,0.23420565688606926,0.23765728565289646,-0.7053530603239782,0.48059054766900067,0.9727232688685428,0.2,0.17777777777777778,0.19726027397260273,0.2100456621004566,0
56,7566,2023,1791,0.2367168913560666,0.23765728565289646,-0.19217304061058602,0.8476066627764055,0.9781523483785858,0.23333333333333334,0.2111111111111111,0.20821917808219179,0.23013698630136986,6
57,7566,2048,1815,0.23988897700237907,0.23765728565289646,0.4560543527115992,0.6483508938409384,0.9781523483785858,0.3,0.2111111111111111,0.24383561643835616,0.2374429223744292,4
58,7566,1965,1774,0.2344699973565953,0.23765728565289646,-0.6513341108804632,0.5148308335288889,0.9727232688685428,0.1,0.13333333333333333,0.2328767123287671,0.22922374429223744,12
59,7566,2116,1846,0.24398625429553264,0.23765728565289646,1.2933480690860812,0.19589070236874997,0.9470880804390918,0.13333333333333333,0.15555555555555556,0.2054794520547945,0.23013698630136986,6
60,7566,1991,1765,0.23328046523922813,0.23765728565289646,-0.8944193833762806,0.37109754535120926,0.9727232688685428,0.2,0.24444444444444444,0.27945205479452057,0.24383561643835616,1
61,7566,2036,1808,0.23896378535553794,0.23765728565289646,0.26698802965929685,0.7894783776122041,0.9781523483785858,0.16666666666666666,0.3,0.25753424657534246,0.25753424657534246,1
62,7566,2182,1879,0.24834787205921227,0.23765728565289646,2.184660734904084,0.028913731177155236,0.6094947034182422,0.3333333333333333,0.28888888888888886,0.26301369863013696,0.25662100456621006,0
63,7566,2038,1817,0.2401533174729051,0.23765728565289646,0.5100733021551141,0.6100001084557507,0.9781523483785858,0.2,0.23333333333333334,0.2356164383561644,0.24840182648401826,12
64,7566,2115,1859,0.24570446735395188,0.23765728565289646,1.6444712404689283,0.1000789001578806,0.9311074290806608,0.43333333333333335,0.3333333333333333,0.27945205479452057,0.2447488584474886,2
65,7566,2029,1786,0.23605604017975151,0.23765728565289646,-0.3272204142193734,0.7435011817289006,0.9781523483785858,0.16666666666666666,0.2,0.23835616438356164,0.2356164383561644,1
66,7566,2081,1857,0.24544012688342584,0.23765728565289646,1.5904522910254135,0.1117328914896793,0.9311074290806608,0.26666666666666666,0.2222222222222222,0.2191780821917808,0.2493150684931507,0
67,7566,2000,1781,0.23539518900343642,0.23765728565289646,-0.4622677878281608,0.6438892965650123,0.9781523483785858,0.26666666666666666,0.23333333333333334,0.2219178082191781,0.2328767123287671,2
68,7566,2096,1847,0.24411842453079566,0.23765728565289646,1.3203575438078385,0.18671567154379873,0.9470880804390918,0.23333333333333334,0.2777777777777778,0.26575342465753427,0.2465753424657534,0
69,7566,1960,1727,0.2282579962992334,0.23765728565289646,-1.9207794228030706,0.054759521718407256,0.7385689101194277,0.13333333333333333,0.2222222222222222,0.26575342465753427,0.2502283105022831,3
70,7566,2069,1847,0.24411842453079566,0.23765728565289646,1.3203575438078385,0.18671567154379873,0.9470880804390918,0.3333333333333333,0.2777777777777778,0.22465753424657534,0.22100456621004566,0
71,7566,2031,1793,0.23698123182659264,0.23765728565289646,-0.13815409116707106,0.8901186370245131,0.9781523483785858,0.23333333333333334,0.2111111111111111,0.21643835616438356,0.217351598173516,1
72,7566,2093,1848,0.24425059476605868,0.23765728565289646,1.347367018529596,0.1778620573618284,0.9470880804390918,0.3,0.2222222222222222,0.24383561643835616,0.2410958904109589,6
73,7566,2058,1820,0.24054982817869416,0.23765728565289646,0.5911017263203866,0.5544522632550694,0.9727232688685428,0.16666666666666666,0.23333333333333334,0.25753424657534246,0.24292237442922374,0
74,7566,2010,1773,0.23433782712133228,0.23765728565289646,-0.6783435856022206,0.4975538694244123,0.9727232688685428,0.26666666666666666,0.2111111111111111,0.2356164383561644,0.228310502283105,0
75,7566,2063,1841,0.24332540311921755,0.23765728565289646,1.1583006954772936,0.24674134767357048,0.9470880804390918,0.23333333333333334,0.2111111111111111,0.2356164383561644,0.25296803652968036,6
76,7566,2090,1852,0.24477927570711075,0.23765728565289646,1.4554049174166261,0.1455571958670267,0.9470880804390918,0.2,0.2,0.2328767123287671,0.2365296803652968,3
77,7566,2012,1771,0.23407348665080624,0.23765728565289646,-0.7323625350457357,0.46394731958698376,0.9727232688685428,0.43333333333333335,0.32222222222222224,0.2684931506849315,0.2447488584474886,1
78,7566,2074,1808,0.23896378535553794,0.23765728565289646,0.26698802965929685,0.7894783776122041,0.9781523483785858,0.23333333333333334,0.2,0.21643835616438356,0.23835616438356164,4
79,7566,2111,1835,0.24253238170763944,0.23765728565289646,0.9962438471467489,0.3191316797980439,0.9670656963577089,0.3,0.24444444444444444,0.2356164383561644,0.25662100456621006,1
80,7566,1990,1758,0.232355273592387,0.23765728565289646,-1.083485706428583,0.2785928918803027,0.9470880804390918,0.16666666666666666,0.25555555555555554,0.2410958904109589,0.2319634703196347,0
81,7566,2018,1792,0.23684906159132962,0.23765728565289646,-0.16516356588882852,0.8688152415822301,0.9781523483785858,0.16666666666666666,0.26666666666666666,0.23835616438356164,0.2493150684931507,1
82,7566,2006,1763,0.2330161247687021,0.23765728565289646,-0.9484383328197955,0.3429063525862318,0.9727232688685428,0.23333333333333334,0.24444444444444444,0.21095890410958903,0.23926940639269406,1
83,7566,2022,1781,0.23539518900343642,0.23765728565289646,-0.4622677878281608,0.6438892965650123,0.9781523483785858,0.2,0.28888888888888886,0.2876712328767123,0.2410958904109589,3
84,7566,2015,1804,0.23843510441448587,0.23765728565289646,0.1589501307722669,0.8737081640753281,0.9781523483785858,0.26666666666666666,0.24444444444444444,0.2410958904109589,0.22922374429223744,1
85,7566,2034,1798,0.23764208300290773,0.23765728565289646,-0.0031067175582836417,0.9975212020129042,0.9975212020129043,0.3,0.2,0.21095890410958903,0.21095890410958903,2
86,7566,2069,1821,0.24068199841395718,0.23765728565289646,0.6181112010421441,0.5365020392444199,0.9727232688685428,0.16666666666666666,0.24444444444444444,0.2136986301369863,0.2374429223744292,6
87,7566,2040,1804,0.23843510441448587,0.23765728565289646,0.1589501307722669,0.8737081640753281,0.9781523483785858,0.16666666666666666,0.2111111111111111,0.2493150684931507,0.2219178082191781,4
88,7566,2081,1847,0.24411842453079566,0.23765728565289646,1.3203575438078385,0.18671567154379873,0.9470880804390918,0.23333333333333334,0.2222222222222222,0.2410958904109589,0.23378995433789954,4
89,7566,2008,1768,0.23367697594501718,0.23765728565289646,-0.8133909592110081,0.4159939411216247,0.9727232688685428,0.26666666666666666,0.26666666666666666,0.2356164383561644,0.245662100456621,1
90,7566,2031,1798,0.23764208300290773,0.23765728565289646,-0.0031067175582836417,0.9975212020129042,0.9975212020129043,0.26666666666666666,0.3,0.25753424657534246,0.2557077625570776,3
91,7566,2016,1770,0.23394131641554322,0.23765728565289646,-0.7593720097674931,0.4476300523467457,0.9727232688685428,0.06666666666666667,0.14444444444444443,0.27945205479452057,0.25205479452054796,11
92,7566,2110,1842,0.24345757335448057,0.23765728565289646,1.1853101701990512,0.23589483384826082,0.9470880804390918,0.23333333333333334,0.26666666666666666,0.273972602739726,0.2602739726027397,2
93,7566,2068,1843,0.24358974358974358,0.23765728565289646,1.2123196449208087,0.22539004679580482,0.9470880804390918,0.43333333333333335,0.24444444444444444,0.23835616438356164,0.22465753424657534,1
94,7566,2080,1827,0.2414750198255353,0.23765728565289646,0.780168049372689,0.43529196610322984,0.9727232688685428,0.23333333333333334,0.25555555555555554,0.26301369863013696,0.2511415525114155,4
95,7566,2084,1851,0.24464710547184773,0.23765728565289646,1.4283954426948686,0.1531780701680277,0.9470880804390918,0.16666666666666666,0.2777777777777778,0.27123287671232876,0.24840182648401826,17
96,7566,2020,1807,0.23883161512027493,0.23765728565289646,0.23997855493753936,0.8103468815722341,0.9781523483785858,0.3333333333333333,0.23333333333333334,0.2191780821917808,0.23926940639269406,3
97,7566,2051,1809,0.23909595559080096,0.23765728565289646,0.2939975043810543,0.7687598103649118,0.9781523483785858,0.2,0.2111111111111111,0.2410958904109589,0.2447488584474886,2
98,7566,1998,1759,0.23248744382765002,0.23765728565289646,-1.0564762317068255,0.2907506942351876,0.9470880804390918,0.16666666666666666,0.16666666666666666,0.19726027397260273,0.22922374429223744,1
99,7566,1998,1785,0.2359238699444885,0.23765728565289646,-0.3542298889411309,0.7231666057827685,0.9781523483785858,0.43333333333333335,0.3111111111111111,0.23835616438356164,0.2502283105022831,0
