approved,baseline_brier,brier_improvement,draws,model_brier,positive_years,recipe,required_positive_years,target,year
,0.181184613628786,-6.660750337192378e-05,361,0.1812512211321579,,long_only,,two_digit,2021
,0.181184613628786,-0.000259213482310533,361,0.18144382711109652,,recency,,two_digit,2021
,0.181184613628786,-0.00020902194734859214,361,0.18139363557613458,,weekday,,two_digit,2021
,0.181184613628786,-0.0002464925011306518,361,0.18143110612991664,,gap,,two_digit,2021
,0.18140262696480855,-3.188293673553333e-05,361,0.18143450990154408,,long_only,,two_digit,2022
,0.18140262696480855,-0.00011645529465076354,361,0.1815190822594593,,recency,,two_digit,2022
,0.18140262696480855,-7.732422094344771e-05,361,0.181479951185752,,weekday,,two_digit,2022
,0.18140262696480855,-0.00010625466186431343,361,0.18150888162667286,,gap,,two_digit,2022
,0.1811119425167785,-3.4676625906560066e-06,361,0.18111541017936916,,long_only,,two_digit,2023
,0.1811119425167785,-0.00023567000333352128,361,0.18134761252011203,,recency,,two_digit,2023
,0.1811119425167785,-0.0001614927731395932,361,0.1812734352899181,,weekday,,two_digit,2023
,0.1811119425167785,-0.00020715221182654453,361,0.18131909472860505,,gap,,two_digit,2023
,0.18128944471909078,-3.0025425641261316e-05,362,0.18131947014473204,,long_only,,two_digit,2024
,0.18128944471909078,-0.00015470710512502373,362,0.1814441518242158,,recency,,two_digit,2024
,0.18128944471909078,-0.00010723261711062526,362,0.1813966773362014,,weekday,,two_digit,2024
,0.18128944471909078,-0.00014144023309919929,362,0.18143088495218998,,gap,,two_digit,2024
,0.18173691408004308,-6.695934147696314e-05,361,0.18180387342152005,,long_only,,two_digit,2025
,0.18173691408004308,-0.00026537154013756004,361,0.18200228562018064,,recency,,two_digit,2025
,0.18173691408004308,-0.00019358287725432244,361,0.1819304969572974,,weekday,,two_digit,2025
,0.18173691408004308,-0.00023380253168570064,361,0.18197071661172878,,gap,,two_digit,2025
,0.18100248331803315,-7.084840442650453e-05,273,0.18107333172245965,,long_only,,two_digit,2026
,0.18100248331803315,-0.0002026813853041598,273,0.1812051647033373,,recency,,two_digit,2026
,0.18100248331803315,-0.00015523434070088826,273,0.18115771765873404,,weekday,,two_digit,2026
,0.18100248331803315,-0.00018574664556714193,273,0.1811882299636003,,gap,,two_digit,2026
,0.02225953902611763,-3.1090125620358844e-06,361,0.022262648038679667,,long_only,,suffix3_any,2021
,0.02225953902611763,-1.4903726940213025e-05,361,0.022274442753057844,,recency,,suffix3_any,2021
,0.02225953902611763,-1.103477475150258e-05,361,0.022270573800869133,,weekday,,suffix3_any,2021
,0.02225953902611763,-1.3369447255502653e-05,361,0.022272908473373133,,gap,,suffix3_any,2021
,0.022209302053715376,-4.059696486504588e-06,361,0.02221336175020188,,long_only,,suffix3_any,2022
,0.022209302053715376,-1.3948018172008775e-05,361,0.022223250071887385,,recency,,suffix3_any,2022
,0.022209302053715376,-1.0849824064552982e-05,361,0.02222015187777993,,weekday,,suffix3_any,2022
,0.022209302053715376,-1.2622822509630177e-05,361,0.022221924876225006,,gap,,suffix3_any,2022
,0.0222463187702223,-2.1129286170706862e-06,361,0.02224843169883937,,long_only,,suffix3_any,2023
,0.0222463187702223,-1.466846455573656e-05,361,0.022260987234778037,,recency,,suffix3_any,2023
,0.0222463187702223,-1.0601153983002404e-05,361,0.022256919924205303,,weekday,,suffix3_any,2023
,0.0222463187702223,-1.302739437672451e-05,361,0.022259346164599025,,gap,,suffix3_any,2023
,0.02223639262228763,-1.784859126004179e-06,362,0.022238177481413633,,long_only,,suffix3_any,2024
,0.02223639262228763,-1.487564314626294e-05,362,0.02225126826543389,,recency,,suffix3_any,2024
,0.02223639262228763,-1.0837226928690769e-05,362,0.02224722984921632,,weekday,,suffix3_any,2024
,0.02223639262228763,-1.3299021310371473e-05,362,0.022249691643598,,gap,,suffix3_any,2024
,0.022243674719043236,-3.7889632100128467e-06,361,0.02224746368225325,,long_only,,suffix3_any,2025
,0.022243674719043236,-1.4955962093714248e-05,361,0.02225863068113695,,recency,,suffix3_any,2025
,0.022243674719043236,-1.0994624927405244e-05,361,0.02225466934397064,,weekday,,suffix3_any,2025
,0.022243674719043236,-1.3371949490074975e-05,361,0.02225704666853331,,gap,,suffix3_any,2025
,0.022247296972306867,-2.1993385316589065e-06,273,0.022249496310838526,,long_only,,suffix3_any,2026
,0.022247296972306867,-1.2250178797905409e-05,273,0.022259547151104772,,recency,,suffix3_any,2026
,0.022247296972306867,-8.161810471585262e-06,273,0.022255458782778452,,weekday,,suffix3_any,2026
,0.022247296972306867,-1.0436333432759654e-05,273,0.022257733305739626,,gap,,suffix3_any,2026
,0.0029910000089940006,-4.145766718905916e-07,361,0.002991414585665891,,long_only,,g6_exact,2021
,0.0029910000089940006,-9.864732373509114e-07,361,0.0029919864822313515,,recency,,g6_exact,2021
,0.0029910000089940006,-7.067672420772199e-07,361,0.002991706776236078,,weekday,,g6_exact,2021
,0.0029910000089940006,-8.333363158462628e-07,361,0.002991833345309847,,gap,,g6_exact,2021
,0.0029910000089940006,-3.917847214741921e-07,361,0.002991391793715475,,long_only,,g6_exact,2022
,0.0029910000089940006,-1.1860886628962779e-06,361,0.002992186097656897,,recency,,g6_exact,2022
,0.0029910000089940006,-9.052426331772681e-07,361,0.002991905251627178,,weekday,,g6_exact,2022
,0.0029910000089940006,-1.0438081466997845e-06,361,0.0029920438171407004,,gap,,g6_exact,2022
,0.0029910000089940006,-3.823243701463544e-07,361,0.002991382333364147,,long_only,,g6_exact,2023
,0.0029910000089940006,-1.101046368280189e-06,361,0.0029921010553622808,,recency,,g6_exact,2023
,0.0029910000089940006,-8.538524909986779e-07,361,0.0029918538614849993,,weekday,,g6_exact,2023
,0.0029910000089940006,-9.83173476628435e-07,361,0.002991983182470629,,gap,,g6_exact,2023
,0.0029910000089940006,-3.6848704054390224e-07,362,0.0029913684960345445,,long_only,,g6_exact,2024
,0.0029910000089940006,-1.0069715268472626e-06,362,0.002992006980520848,,recency,,g6_exact,2024
,0.0029910000089940006,-7.66616769812007e-07,362,0.0029917666257638126,,weekday,,g6_exact,2024
,0.0029910000089940006,-8.933325692768793e-07,362,0.0029918933415632775,,gap,,g6_exact,2024
,0.0029910000089940006,-2.8175411834934286e-07,361,0.00299128176311235,,long_only,,g6_exact,2025
,0.0029910000089940006,-1.3096680870133479e-06,361,0.002992309677081014,,recency,,g6_exact,2025
,0.0029910000089940006,-9.948264243424092e-07,361,0.002991994835418343,,weekday,,g6_exact,2025
,0.0029910000089940006,-1.1851455258256663e-06,361,0.0029921851545198263,,gap,,g6_exact,2025
,0.0029910000089940006,-1.958084853395832e-07,273,0.00299119581747934,,long_only,,g6_exact,2026
,0.0029910000089940006,-1.2089131589459665e-06,273,0.0029922089221529466,,recency,,g6_exact,2026
,0.0029910000089940006,-9.523147101553157e-07,273,0.002991952323704156,,weekday,,g6_exact,2026
,0.0029910000089940006,-1.1104470009448524e-06,273,0.0029921104559949454,,gap,,g6_exact,2026
False,0.18130009043764989,-4.3862441480413406e-05,2079,0.1813439528791303,0,long_only,4,two_digit,ALL
False,0.18130009043764989,-0.00020578567384291202,2079,0.1815058761114928,0,recency,4,two_digit,ALL
False,0.18130009043764989,-0.00015043312118856456,2079,0.18145052355883845,0,weekday,4,two_digit,ALL
False,0.18130009043764989,-0.00018683818512307826,2079,0.18148692862277296,0,gap,4,two_digit,ALL
False,0.022240127697043033,-2.8691800571731263e-06,2079,0.022242996877100206,0,long_only,4,suffix3_any,ALL
False,0.022240127697043033,-1.435265975793451e-05,2079,0.022254480356800967,0,recency,4,suffix3_any,ALL
False,0.022240127697043033,-1.0508738223273528e-05,2079,0.022250636435266306,0,weekday,4,suffix3_any,ALL
False,0.022240127697043033,-1.2783423406749483e-05,2079,0.022252911120449782,0,gap,4,suffix3_any,ALL
False,0.0029910000089940006,-3.4520289683790534e-07,2079,0.0029913452118908385,0,long_only,4,g6_exact,ALL
False,0.0029910000089940006,-1.129927729418348e-06,2079,0.002992129936723419,0,recency,4,g6_exact,ALL
False,0.0029910000089940006,-8.59454468469991e-07,2079,0.0029918594634624706,0,weekday,4,g6_exact,ALL
False,0.0029910000089940006,-1.003824306013059e-06,2079,0.0029920038333000137,0,gap,4,g6_exact,ALL
