recipe,best_blend,brier,baseline_brier,brier_improvement,log_loss,baseline_log_loss,log_loss_improvement
w1y_s300,0.05,0.18142061849810845,0.1814208687083188,2.502102103563164e-07,0.5489070599609307,0.548907749430909,6.894699783321911e-07
w1y_s100,0.05,0.18142074530505437,0.1814208687083188,1.234032644403804e-07,0.5489074108358282,0.548907749430909,3.385950808620919e-07
decay1y_s300,0.0,0.1814208687083188,0.1814208687083188,0.0,0.548907749430909,0.548907749430909,0.0
decay3y_s300,0.0,0.1814208687083188,0.1814208687083188,0.0,0.548907749430909,0.548907749430909,0.0
decay5y_s300,0.0,0.1814208687083188,0.1814208687083188,0.0,0.548907749430909,0.548907749430909,0.0
decay_mix_s300,0.0,0.1814208687083188,0.1814208687083188,0.0,0.548907749430909,0.548907749430909,0.0
full_s100,0.0,0.1814208687083188,0.1814208687083188,0.0,0.548907749430909,0.548907749430909,0.0
full_s300,0.0,0.1814208687083188,0.1814208687083188,0.0,0.548907749430909,0.548907749430909,0.0
hybrid_s300,0.0,0.1814208687083188,0.1814208687083188,0.0,0.548907749430909,0.548907749430909,0.0
multi_1_3_5_10_full_s300,0.0,0.1814208687083188,0.1814208687083188,0.0,0.548907749430909,0.548907749430909,0.0
multi_3_5_full_s300,0.0,0.1814208687083188,0.1814208687083188,0.0,0.548907749430909,0.548907749430909,0.0
w10y_s100,0.0,0.1814208687083188,0.1814208687083188,0.0,0.548907749430909,0.548907749430909,0.0
w10y_s300,0.0,0.1814208687083188,0.1814208687083188,0.0,0.548907749430909,0.548907749430909,0.0
w3y_s100,0.0,0.1814208687083188,0.1814208687083188,0.0,0.548907749430909,0.548907749430909,0.0
w3y_s1000,0.0,0.1814208687083188,0.1814208687083188,0.0,0.548907749430909,0.548907749430909,0.0
w3y_s300,0.0,0.1814208687083188,0.1814208687083188,0.0,0.548907749430909,0.548907749430909,0.0
w5y_s100,0.0,0.1814208687083188,0.1814208687083188,0.0,0.548907749430909,0.548907749430909,0.0
w5y_s1000,0.0,0.1814208687083188,0.1814208687083188,0.0,0.548907749430909,0.548907749430909,0.0
w5y_s300,0.0,0.1814208687083188,0.1814208687083188,0.0,0.548907749430909,0.548907749430909,0.0
