ranker,top1_hit_rate,top1_lift_pp,top1_z,top3_hit_rate,top3_lift_pp,top3_z,top5_hit_rate,top5_lift_pp,top5_z,top3_positive_year_fraction,top3_year_std
w3y_s300,0.2308673469387755,-0.6789938714120952,-0.8933120411732646,0.24053996598639457,0.28826803334981166,0.6568927160368675,0.24126275510204082,0.36054694491443606,1.0606794523812961,0.6666666666666666,0.012952916391013187
hybrid_s300,0.22895408163265307,-0.8703204020243382,-1.145029031249145,0.23979591836734693,0.21386327144504724,0.48734236539362963,0.23826530612244898,0.060802046955252265,0.17887124763590428,0.6666666666666666,0.009246032997856526
w1y_s300,0.2512755102040816,1.3618224551185165,1.7916691863028174,0.23958333333333334,0.19260476804368876,0.43889940806699657,0.23864795918367346,0.09906735307770032,0.2914425078161643,0.6666666666666666,0.01285925596917281
consensus_1_3_5,0.24075255102040816,0.30952653675117014,0.40722574088546304,0.2390518707482993,0.1394585095402856,0.3177920147503981,0.23769132653061226,0.0034040877715801887,0.010014357365514245,0.4444444444444444,0.008970709640008187
multi_1_3_5_10_full_s300,0.2305484693877551,-0.7108816265141343,-0.9352648728525761,0.23873299319727892,0.10757075443824649,0.24512757876044536,0.2389030612244898,0.12457755715933327,0.366490014603007,0.6666666666666666,0.006619769953899634
multi_3_5_full_s300,0.2302295918367347,-0.7427693816161762,-0.9772177045318913,0.2386267006802721,0.09694150273756585,0.22090610009712566,0.24158163265306123,0.39243470001647796,1.1544888358648517,0.5555555555555556,0.01074516452632572
consensus_decay,0.23246173469387754,-0.5195550959018913,-0.6835478827766958,0.2372448979591837,-0.041238769371276796,-0.09397312252601765,0.23979591836734693,0.21386327144504724,0.6291562883569525,0.6666666666666666,0.00835192794154086
decay_mix_s300,0.22831632653061223,-0.934095912228422,-1.2289346946077753,0.23713860544217688,-0.051868021071957426,-0.11819460118933735,0.2399234693877551,0.2266183734858651,0.666680041750378,0.5555555555555556,0.010711427846336745
w10y_s300,0.23756377551020408,-0.009351014269237679,-0.012302575907674432,0.23713860544217688,-0.051868021071957426,-0.11819460118933735,0.2385204081632653,0.08631225103688522,0.25391875442274703,0.3333333333333333,0.012582793027062422
decay3y_s300,0.22735969387755103,-1.029759177534542,-1.3547931896457135,0.23692602040816327,-0.07312652447331869,-0.16663755851597672,0.23775510204081632,0.009781638791986347,0.028776234062218804,0.5555555555555556,0.010861891880011017
stable_hot_1_3_5,0.2378826530612245,0.022536740832804214,0.029650255771640776,0.23692602040816327,-0.07312652447331869,-0.16663755851597672,0.2329719387755102,-0.4685346877386254,-1.3783645181910642,0.4444444444444444,0.0077550551437470016
decay1y_s300,0.2420280612244898,0.43707755715933494,0.5750370676027202,0.23522534013605442,-0.24319455168420323,-0.5541812171290791,0.23686224489795918,-0.07950407549372762,-0.2338900396917267,0.4444444444444444,0.014800047795546036
consensus_3_5_10,0.23533163265306123,-0.2325652999835226,-0.30597239766286993,0.23288690476190477,-0.4770380890991688,-1.0870537477220934,0.23239795918367348,-0.5259326469222975,-1.5472214084614542,0.3333333333333333,0.011978829681138923
w5y_s300,0.22353316326530612,-1.4124122387590337,-1.8582271697974815,0.23267431972789115,-0.49829659250053004,-1.1354967050487328,0.233609693877551,-0.4047591775345444,-1.1907457512239614,0.5555555555555556,0.01174611277218848
consensus_all,0.23341836734693877,-0.4238918305957684,-0.5576893877387539,0.23182397959183673,-0.5833306061059723,-1.329268534355284,0.23692602040816327,-0.07312652447331869,-0.21512816299501397,0.2222222222222222,0.008796169603465239
decay5y_s300,0.22130102040816327,-1.6356265244733188,-2.151896991552677,0.23171768707482993,-0.593959857806653,-1.3534900130186036,0.23475765306122448,-0.28996325916719745,-0.8530319706831732,0.3333333333333333,0.012277420533592516
full_s300,0.2378826530612245,0.022536740832804214,0.029650255771640776,0.23107993197278912,-0.657735368010734,-1.4988188849985153,0.23003826530612245,-0.7619020346774003,-2.2414108462397433,0.4444444444444444,0.011293425853130628
