year,selection_years,ranker,selection_objective,selection_posterior_top1,selection_posterior_top3,selection_posterior_top5,draws,top1_hits,top1_trials,top1_hit_rate,top1_lift_pp,top3_hits,top3_trials,top3_hit_rate,top3_lift_pp,top5_hits,top5_trials,top5_hit_rate,top5_lift_pp
2018,2014-2017,multi_3_5_full_s300,0.24100805547166038,0.23871463625885336,0.24248496450850918,0.2395935909608385,361,95,361,0.2631578947368421,2.5500609083945633,258,1083,0.23822714681440443,0.05698611615079785,439,1805,0.24321329639889197,0.5556010745995515
2019,2015-2018,multi_3_5_full_s300,0.24199679870423596,0.24198661989893516,0.24248496450850918,0.24093097697907556,361,89,361,0.24653739612188366,0.8880110468987207,279,1083,0.25761772853185594,1.9960442878959483,457,1805,0.253185595567867,1.5528309914970562
2020,2016-2019,multi_3_5_full_s300,0.24193686005585166,0.2395326321688738,0.24304728878217366,0.2414172991675254,340,64,340,0.18823529411764706,-4.94219915352494,245,1020,0.24019607843137256,0.2538792778476101,413,1700,0.24294117647058824,0.5283890817691789
2021,2017-2020,prev_hit_rank,0.24394859711590097,0.23964394785509552,0.24495298645908076,0.24518265996954977,361,94,361,0.26038781163434904,2.2730525981452585,262,1083,0.24192059095106186,0.4263305298165404,438,1805,0.24265927977839336,0.50019941254969
2022,2018-2021,w3y_s300,0.2470849193348425,0.23923123634044427,0.25007729847274557,0.2467846316269743,361,94,361,0.26038781163434904,2.2730525981452585,261,1083,0.2409972299168975,0.33399442640010546,430,1805,0.23822714681440443,0.05698611615079785
2023,2019-2022,w3y_s300,0.24746799343296105,0.24253292845765434,0.25007729847274557,0.2456755743256804,361,64,361,0.1772853185595568,-6.0371967093339665,238,1083,0.21975992613111728,-1.7897359521779177,412,1805,0.22825484764542936,-0.9402438007467095
2024,2020-2023,prev_hit_rank,0.24510484727073412,0.24253292845765434,0.24533256512675963,0.24666140303794165,362,94,362,0.2596685082872928,2.2011222634396366,248,1086,0.2283609576427256,-0.9296328010170857,419,1810,0.23149171270718233,-0.6165572945714126
2025,2021-2024,w1y_s300,0.24458626147998166,0.24853058717909876,0.24398449590494778,0.2427546851857625,361,70,361,0.19390581717451524,-4.3751468478381215,235,1083,0.2169898430286242,-2.066744262427225,398,1805,0.22049861495844875,-1.7158670694447709
2026,2022-2025,prev_hit_rank,0.24287431674167634,0.2456676014940272,0.2413603159611802,0.2439704906568871,218,38,218,0.1743119266055046,-6.334535904739186,145,654,0.2217125382262997,-1.5944747426596768,248,1090,0.22752293577981653,-1.0134349873079929
